fecha,tienda,producto,cantidad,precio_unitario,total_venta
2024-01-01 00:00:00,Cali-Sur,Arroz 1kg,18,14654.95,263789.10000000003
2024-01-01 01:00:00,Barranquilla,Arroz 1kg,15,6378.93,95683.95000000001
2024-01-01 02:00:00,Bogotá-Norte,Arroz 1kg,2,5854.37,11708.74
2024-01-01 03:00:00,Cali-Sur,Jabón,10,13936.7,139367.0
2024-01-01 04:00:00,Cali-Sur,Café 500g,12,3439.73,41276.76
2024-01-01 05:00:00,Barranquilla,Jabón,17,11874.57,201867.69
2024-01-01 06:00:00,Bogotá-Norte,Café 500g,8,14844.85,118758.8
2024-01-01 07:00:00,Bogotá-Norte,Jabón,11,13716.85,150885.35
2024-01-01 08:00:00,Cali-Sur,Jabón,3,10471.68,31415.04
2024-01-01 09:00:00,Medellín-Centro,Leche Entera,6,6082.79,36496.74
2024-01-01 10:00:00,Cali-Sur,Jabón,9,5306.19,47755.71
2024-01-01 11:00:00,Cali-Sur,Aceite 1L,6,12650.32,75901.92
2024-01-01 12:00:00,Cali-Sur,Leche Entera,9,13437.68,120939.12
2024-01-01 13:00:00,Cali-Sur,Jabón,7,8830.65,61814.549999999996
2024-01-01 14:00:00,Barranquilla,Arroz 1kg,9,5176.42,46587.78
2024-01-01 15:00:00,Bogotá-Norte,Aceite 1L,18,3468.26,62428.68000000001
2024-01-01 16:00:00,Barranquilla,Aceite 1L,12,3133.33,37599.96
2024-01-01 17:00:00,Barranquilla,Aceite 1L,8,11348.01,90784.08
2024-01-01 18:00:00,Barranquilla,Leche Entera,8,7461.54,59692.32
2024-01-01 19:00:00,Cali-Sur,Jabón,18,13769.68,247854.24
2024-01-01 20:00:00,Medellín-Centro,Jabón,15,11615.73,174235.94999999998
2024-01-01 21:00:00,Bogotá-Norte,Arroz 1kg,7,4486.39,31404.730000000003
2024-01-01 22:00:00,Medellín-Centro,Arroz 1kg,11,9979.11,109770.21
2024-01-01 23:00:00,Barranquilla,Aceite 1L,16,7661.57,122585.12
2024-01-02 00:00:00,Barranquilla,Arroz 1kg,4,9504.25,38017.0
2024-01-02 01:00:00,Medellín-Centro,Leche Entera,6,11594.9,69569.4
2024-01-02 02:00:00,Medellín-Centro,Jabón,3,12480.55,37441.649999999994
2024-01-02 03:00:00,Medellín-Centro,Aceite 1L,9,12968.59,116717.31
2024-01-02 04:00:00,Barranquilla,Arroz 1kg,10,5301.67,53016.7
2024-01-02 05:00:00,Barranquilla,Leche Entera,14,2404.5,33663.0
2024-01-02 06:00:00,Bogotá-Norte,Leche Entera,11,11610.83,127719.13
2024-01-02 07:00:00,Bogotá-Norte,Arroz 1kg,18,3382.47,60884.46
2024-01-02 08:00:00,Barranquilla,Jabón,12,6093.95,73127.4
2024-01-02 09:00:00,Medellín-Centro,Arroz 1kg,12,2049.62,24595.44
2024-01-02 10:00:00,Medellín-Centro,Aceite 1L,13,10861.7,141202.1
2024-01-02 11:00:00,Bogotá-Norte,Arroz 1kg,13,4172.72,54245.36
2024-01-02 12:00:00,Barranquilla,Leche Entera,19,10518.67,199854.73
2024-01-02 13:00:00,Bogotá-Norte,Arroz 1kg,19,14892.65,282960.35
2024-01-02 14:00:00,Bogotá-Norte,Jabón,14,2944.72,41226.079999999994
2024-01-02 15:00:00,Cali-Sur,Café 500g,4,3002.01,12008.04
2024-01-02 16:00:00,Cali-Sur,Arroz 1kg,13,6424.94,83524.22
2024-01-02 17:00:00,Cali-Sur,Jabón,8,13263.02,106104.16
2024-01-02 18:00:00,Medellín-Centro,Jabón,19,4801.89,91235.91
2024-01-02 19:00:00,Barranquilla,Leche Entera,12,6684.91,80218.92
2024-01-02 20:00:00,Barranquilla,Jabón,18,2890.57,52030.26
2024-01-02 21:00:00,Barranquilla,Jabón,6,11921.02,71526.12
2024-01-02 22:00:00,Barranquilla,Jabón,18,7307.98,131543.63999999998
2024-01-02 23:00:00,Cali-Sur,Jabón,19,11870.23,225534.37
2024-01-03 00:00:00,Medellín-Centro,Aceite 1L,5,13746.9,68734.5
2024-01-03 01:00:00,Medellín-Centro,Aceite 1L,9,5025.92,45233.28
2024-01-03 02:00:00,Cali-Sur,Leche Entera,3,12496.15,37488.45
2024-01-03 03:00:00,Medellín-Centro,Arroz 1kg,10,2768.22,27682.199999999997
2024-01-03 04:00:00,Cali-Sur,Jabón,19,13685.02,260015.38
2024-01-03 05:00:00,Barranquilla,Arroz 1kg,3,10459.99,31379.97
2024-01-03 06:00:00,Cali-Sur,Arroz 1kg,15,13364.95,200474.25
2024-01-03 07:00:00,Barranquilla,Leche Entera,1,2002.45,2002.45
2024-01-03 08:00:00,Barranquilla,Jabón,7,4198.05,29386.350000000002
2024-01-03 09:00:00,Bogotá-Norte,Jabón,12,7066.87,84802.44
2024-01-03 10:00:00,Cali-Sur,Café 500g,17,6933.54,117870.18
2024-01-03 11:00:00,Bogotá-Norte,Arroz 1kg,5,4947.49,24737.449999999997
2024-01-03 12:00:00,Cali-Sur,Arroz 1kg,4,6960.96,27843.84
2024-01-03 13:00:00,Cali-Sur,Aceite 1L,12,3675.03,44100.36
2024-01-03 14:00:00,Bogotá-Norte,Café 500g,18,7365.89,132586.02000000002
2024-01-03 15:00:00,Bogotá-Norte,Aceite 1L,17,12430.61,211320.37
2024-01-03 16:00:00,Cali-Sur,Aceite 1L,19,8227.91,156330.29
2024-01-03 17:00:00,Medellín-Centro,Aceite 1L,9,2234.0,20106.0
2024-01-03 18:00:00,Barranquilla,Leche Entera,4,7478.77,29915.08
2024-01-03 19:00:00,Bogotá-Norte,Leche Entera,2,2353.28,4706.56
2024-01-03 20:00:00,Barranquilla,Aceite 1L,4,14561.16,58244.64
2024-01-03 21:00:00,Medellín-Centro,Café 500g,2,3656.9,7313.8
2024-01-03 22:00:00,Medellín-Centro,Arroz 1kg,15,11199.95,167999.25
2024-01-03 23:00:00,Medellín-Centro,Café 500g,2,14646.09,29292.18
2024-01-04 00:00:00,Bogotá-Norte,Jabón,4,12738.51,50954.04
2024-01-04 01:00:00,Medellín-Centro,Leche Entera,6,11091.1,66546.6
2024-01-04 02:00:00,Bogotá-Norte,Arroz 1kg,7,12912.99,90390.93
2024-01-04 03:00:00,Medellín-Centro,Arroz 1kg,10,14763.38,147633.8
2024-01-04 04:00:00,Barranquilla,Jabón,19,10077.48,191472.12
2024-01-04 05:00:00,Barranquilla,Jabón,19,9269.4,176118.6
2024-01-04 06:00:00,Cali-Sur,Aceite 1L,12,10167.1,122005.20000000001
2024-01-04 07:00:00,Barranquilla,Leche Entera,3,8924.79,26774.370000000003
2024-01-04 08:00:00,Cali-Sur,Leche Entera,13,10256.16,133330.08
2024-01-04 09:00:00,Barranquilla,Café 500g,18,7847.95,141263.1
2024-01-04 10:00:00,Bogotá-Norte,Aceite 1L,8,4839.76,38718.08
2024-01-04 11:00:00,Barranquilla,Aceite 1L,15,3563.21,53448.15
2024-01-04 12:00:00,Cali-Sur,Aceite 1L,1,2888.43,2888.43
2024-01-04 13:00:00,Cali-Sur,Aceite 1L,3,5423.11,16269.329999999998
2024-01-04 14:00:00,Medellín-Centro,Leche Entera,8,2599.61,20796.88
2024-01-04 15:00:00,Bogotá-Norte,Leche Entera,4,9373.22,37492.88
2024-01-04 16:00:00,Barranquilla,Aceite 1L,16,5689.77,91036.32
2024-01-04 17:00:00,Medellín-Centro,Café 500g,10,12718.95,127189.5
2024-01-04 18:00:00,Barranquilla,Arroz 1kg,12,2965.13,35581.56
2024-01-04 19:00:00,Barranquilla,Arroz 1kg,14,4942.57,69195.98
2024-01-04 20:00:00,Medellín-Centro,Café 500g,14,11493.2,160904.80000000002
2024-01-04 21:00:00,Medellín-Centro,Aceite 1L,2,9784.51,19569.02
2024-01-04 22:00:00,Medellín-Centro,Leche Entera,5,2838.39,14191.949999999999
2024-01-04 23:00:00,Medellín-Centro,Arroz 1kg,5,13404.11,67020.55
2024-01-05 00:00:00,Medellín-Centro,Jabón,6,13404.4,80426.4
2024-01-05 01:00:00,Barranquilla,Jabón,13,6295.3,81838.90000000001
2024-01-05 02:00:00,Medellín-Centro,Café 500g,9,6425.28,57827.52
2024-01-05 03:00:00,Bogotá-Norte,Aceite 1L,15,14857.37,222860.55000000002
2024-01-05 04:00:00,Cali-Sur,Arroz 1kg,14,10140.29,141964.06
2024-01-05 05:00:00,Medellín-Centro,Aceite 1L,7,8907.11,62349.770000000004
2024-01-05 06:00:00,Medellín-Centro,Arroz 1kg,2,12895.98,25791.96
2024-01-05 07:00:00,Barranquilla,Café 500g,7,5708.77,39961.39
2024-01-05 08:00:00,Medellín-Centro,Café 500g,6,7579.37,45476.22
2024-01-05 09:00:00,Medellín-Centro,Jabón,17,5481.1,93178.70000000001
2024-01-05 10:00:00,Medellín-Centro,Aceite 1L,2,12259.09,24518.18
2024-01-05 11:00:00,Barranquilla,Jabón,3,9453.54,28360.620000000003
2024-01-05 12:00:00,Medellín-Centro,Aceite 1L,5,10564.73,52823.649999999994
2024-01-05 13:00:00,Cali-Sur,Jabón,5,5279.99,26399.949999999997
2024-01-05 14:00:00,Barranquilla,Leche Entera,1,4862.93,4862.93
2024-01-05 15:00:00,Cali-Sur,Leche Entera,8,8348.87,66790.96
2024-01-05 16:00:00,Barranquilla,Leche Entera,12,11588.35,139060.2
2024-01-05 17:00:00,Medellín-Centro,Leche Entera,4,8828.12,35312.48
2024-01-05 18:00:00,Cali-Sur,Arroz 1kg,13,2424.39,31517.07
2024-01-05 19:00:00,Barranquilla,Leche Entera,15,13291.17,199367.55
2024-01-05 20:00:00,Bogotá-Norte,Café 500g,11,2840.93,31250.23
2024-01-05 21:00:00,Medellín-Centro,Café 500g,10,14425.72,144257.19999999998
2024-01-05 22:00:00,Barranquilla,Arroz 1kg,3,2326.85,6980.549999999999
2024-01-05 23:00:00,Bogotá-Norte,Leche Entera,14,11027.86,154390.04
2024-01-06 00:00:00,Barranquilla,Leche Entera,16,3068.69,49099.04
2024-01-06 01:00:00,Bogotá-Norte,Leche Entera,10,13838.8,138388.0
2024-01-06 02:00:00,Medellín-Centro,Jabón,10,8037.63,80376.3
2024-01-06 03:00:00,Cali-Sur,Aceite 1L,12,3787.81,45453.72
2024-01-06 04:00:00,Bogotá-Norte,Jabón,9,6430.6,57875.4
2024-01-06 05:00:00,Barranquilla,Aceite 1L,1,4142.72,4142.72
2024-01-06 06:00:00,Medellín-Centro,Leche Entera,5,4217.56,21087.800000000003
2024-01-06 07:00:00,Bogotá-Norte,Leche Entera,8,14325.41,114603.28
2024-01-06 08:00:00,Barranquilla,Jabón,11,7788.2,85670.2
2024-01-06 09:00:00,Barranquilla,Jabón,12,12254.43,147053.16
2024-01-06 10:00:00,Barranquilla,Aceite 1L,1,10314.87,10314.87
2024-01-06 11:00:00,Bogotá-Norte,Café 500g,11,10793.54,118728.94
2024-01-06 12:00:00,Bogotá-Norte,Aceite 1L,5,3712.01,18560.050000000003
2024-01-06 13:00:00,Bogotá-Norte,Jabón,15,5044.4,75666.0
2024-01-06 14:00:00,Cali-Sur,Jabón,5,12227.75,61138.75
2024-01-06 15:00:00,Bogotá-Norte,Arroz 1kg,12,14619.96,175439.52
2024-01-06 16:00:00,Bogotá-Norte,Jabón,5,5414.78,27073.899999999998
2024-01-06 17:00:00,Bogotá-Norte,Arroz 1kg,17,5530.39,94016.63
2024-01-06 18:00:00,Cali-Sur,Café 500g,17,8147.66,138510.22
2024-01-06 19:00:00,Bogotá-Norte,Aceite 1L,12,14789.92,177479.04
2024-01-06 20:00:00,Barranquilla,Aceite 1L,15,5496.47,82447.05
2024-01-06 21:00:00,Bogotá-Norte,Arroz 1kg,15,7290.63,109359.45
2024-01-06 22:00:00,Barranquilla,Aceite 1L,6,13589.24,81535.44
2024-01-06 23:00:00,Barranquilla,Jabón,12,2037.97,24455.64
2024-01-07 00:00:00,Barranquilla,Leche Entera,18,2516.96,45305.28
2024-01-07 01:00:00,Cali-Sur,Arroz 1kg,14,9852.93,137941.02000000002
2024-01-07 02:00:00,Cali-Sur,Aceite 1L,2,13795.94,27591.88
2024-01-07 03:00:00,Cali-Sur,Arroz 1kg,9,5105.14,45946.26
2024-01-07 04:00:00,Bogotá-Norte,Arroz 1kg,5,8105.34,40526.7
2024-01-07 05:00:00,Barranquilla,Leche Entera,1,7856.05,7856.05
2024-01-07 06:00:00,Cali-Sur,Jabón,3,8148.63,24445.89
2024-01-07 07:00:00,Cali-Sur,Arroz 1kg,6,10092.76,60556.56
2024-01-07 08:00:00,Bogotá-Norte,Aceite 1L,5,8106.67,40533.35
2024-01-07 09:00:00,Cali-Sur,Café 500g,5,7817.09,39085.45
2024-01-07 10:00:00,Bogotá-Norte,Arroz 1kg,1,8165.75,8165.75
2024-01-07 11:00:00,Medellín-Centro,Arroz 1kg,17,9681.28,164581.76
2024-01-07 12:00:00,Cali-Sur,Leche Entera,19,8981.1,170640.9
2024-01-07 13:00:00,Medellín-Centro,Jabón,14,13103.77,183452.78
2024-01-07 14:00:00,Bogotá-Norte,Café 500g,12,2643.46,31721.52
2024-01-07 15:00:00,Barranquilla,Aceite 1L,10,12833.12,128331.20000000001
2024-01-07 16:00:00,Cali-Sur,Café 500g,18,12971.02,233478.36000000002
2024-01-07 17:00:00,Bogotá-Norte,Aceite 1L,11,5703.8,62741.8
2024-01-07 18:00:00,Barranquilla,Jabón,2,8017.08,16034.16
2024-01-07 19:00:00,Barranquilla,Aceite 1L,18,7701.0,138618.0
2024-01-07 20:00:00,Medellín-Centro,Leche Entera,7,4840.63,33884.41
2024-01-07 21:00:00,Bogotá-Norte,Leche Entera,15,7158.36,107375.4
2024-01-07 22:00:00,Barranquilla,Leche Entera,11,2577.04,28347.44
2024-01-07 23:00:00,Cali-Sur,Leche Entera,18,5611.69,101010.42
2024-01-08 00:00:00,Cali-Sur,Café 500g,12,12616.87,151402.44
2024-01-08 01:00:00,Medellín-Centro,Jabón,6,5699.31,34195.86
2024-01-08 02:00:00,Barranquilla,Aceite 1L,13,12636.69,164276.97
2024-01-08 03:00:00,Bogotá-Norte,Aceite 1L,16,8910.79,142572.64
2024-01-08 04:00:00,Cali-Sur,Leche Entera,18,13438.21,241887.77999999997
2024-01-08 05:00:00,Barranquilla,Leche Entera,10,9472.13,94721.29999999999
2024-01-08 06:00:00,Barranquilla,Arroz 1kg,8,2385.69,19085.52
2024-01-08 07:00:00,Medellín-Centro,Jabón,18,10780.46,194048.27999999997
2024-01-08 08:00:00,Cali-Sur,Café 500g,1,2583.1,2583.1
2024-01-08 09:00:00,Cali-Sur,Aceite 1L,8,7857.76,62862.08
2024-01-08 10:00:00,Bogotá-Norte,Arroz 1kg,6,14082.55,84495.29999999999
2024-01-08 11:00:00,Cali-Sur,Arroz 1kg,5,4147.65,20738.25
2024-01-08 12:00:00,Bogotá-Norte,Aceite 1L,15,7068.34,106025.1
2024-01-08 13:00:00,Cali-Sur,Café 500g,15,11488.18,172322.7
2024-01-08 14:00:00,Medellín-Centro,Arroz 1kg,2,13469.36,26938.72
2024-01-08 15:00:00,Cali-Sur,Arroz 1kg,1,10722.26,10722.26
2024-01-08 16:00:00,Bogotá-Norte,Jabón,11,5356.25,58918.75
2024-01-08 17:00:00,Bogotá-Norte,Café 500g,10,10769.9,107699.0
2024-01-08 18:00:00,Medellín-Centro,Arroz 1kg,18,5857.46,105434.28
2024-01-08 19:00:00,Cali-Sur,Café 500g,18,11339.58,204112.44
2024-01-08 20:00:00,Cali-Sur,Aceite 1L,17,14402.43,244841.31
2024-01-08 21:00:00,Medellín-Centro,Leche Entera,8,11378.11,91024.88
2024-01-08 22:00:00,Cali-Sur,Arroz 1kg,15,13217.45,198261.75
2024-01-08 23:00:00,Cali-Sur,Jabón,8,2027.35,16218.8
2024-01-09 00:00:00,Bogotá-Norte,Aceite 1L,17,11328.44,192583.48
2024-01-09 01:00:00,Cali-Sur,Café 500g,12,12784.64,153415.68
2024-01-09 02:00:00,Cali-Sur,Aceite 1L,8,2527.26,20218.08
2024-01-09 03:00:00,Medellín-Centro,Arroz 1kg,14,13330.77,186630.78
2024-01-09 04:00:00,Medellín-Centro,Café 500g,4,5337.02,21348.08
2024-01-09 05:00:00,Barranquilla,Leche Entera,1,10648.8,10648.8
2024-01-09 06:00:00,Bogotá-Norte,Aceite 1L,1,12404.61,12404.61
2024-01-09 07:00:00,Cali-Sur,Arroz 1kg,19,10614.64,201678.15999999997
2024-01-09 08:00:00,Cali-Sur,Jabón,16,3199.7,51195.2
2024-01-09 09:00:00,Barranquilla,Café 500g,14,9752.18,136530.52000000002
2024-01-09 10:00:00,Cali-Sur,Aceite 1L,16,9144.59,146313.44
2024-01-09 11:00:00,Bogotá-Norte,Aceite 1L,5,13704.18,68520.9
2024-01-09 12:00:00,Barranquilla,Leche Entera,9,7255.12,65296.08
2024-01-09 13:00:00,Bogotá-Norte,Leche Entera,2,6174.05,12348.1
2024-01-09 14:00:00,Barranquilla,Jabón,18,11748.06,211465.08
2024-01-09 15:00:00,Barranquilla,Jabón,6,7364.78,44188.68
2024-01-09 16:00:00,Medellín-Centro,Arroz 1kg,9,10399.25,93593.25
2024-01-09 17:00:00,Bogotá-Norte,Arroz 1kg,1,10403.85,10403.85
2024-01-09 18:00:00,Cali-Sur,Jabón,9,13544.51,121900.59
2024-01-09 19:00:00,Cali-Sur,Jabón,16,9783.0,156528.0
2024-01-09 20:00:00,Bogotá-Norte,Café 500g,13,8528.0,110864.0
2024-01-09 21:00:00,Cali-Sur,Leche Entera,9,3805.33,34247.97
2024-01-09 22:00:00,Cali-Sur,Arroz 1kg,13,3504.59,45559.67
2024-01-09 23:00:00,Bogotá-Norte,Leche Entera,9,4006.18,36055.619999999995
2024-01-10 00:00:00,Barranquilla,Leche Entera,11,4234.03,46574.329999999994
2024-01-10 01:00:00,Bogotá-Norte,Jabón,4,10292.4,41169.6
2024-01-10 02:00:00,Barranquilla,Café 500g,2,11632.76,23265.52
2024-01-10 03:00:00,Cali-Sur,Aceite 1L,6,8889.89,53339.34
2024-01-10 04:00:00,Cali-Sur,Café 500g,14,12777.23,178881.22
2024-01-10 05:00:00,Cali-Sur,Café 500g,4,14886.42,59545.68
2024-01-10 06:00:00,Medellín-Centro,Leche Entera,6,12660.16,75960.95999999999
2024-01-10 07:00:00,Barranquilla,Café 500g,19,11033.47,209635.93
2024-01-10 08:00:00,Medellín-Centro,Arroz 1kg,6,8922.41,53534.46
2024-01-10 09:00:00,Medellín-Centro,Leche Entera,2,7835.09,15670.18
2024-01-10 10:00:00,Bogotá-Norte,Arroz 1kg,18,3097.1,55747.799999999996
2024-01-10 11:00:00,Medellín-Centro,Aceite 1L,13,7191.79,93493.27
2024-01-10 12:00:00,Bogotá-Norte,Leche Entera,9,13831.75,124485.75
2024-01-10 13:00:00,Bogotá-Norte,Aceite 1L,19,12504.29,237581.51
2024-01-10 14:00:00,Medellín-Centro,Leche Entera,13,4808.67,62512.71
2024-01-10 15:00:00,Barranquilla,Jabón,11,8065.9,88724.9
2024-01-10 16:00:00,Barranquilla,Café 500g,1,12617.4,12617.4
2024-01-10 17:00:00,Barranquilla,Jabón,7,2876.0,20132.0
2024-01-10 18:00:00,Barranquilla,Aceite 1L,15,7036.1,105541.5
2024-01-10 19:00:00,Barranquilla,Café 500g,1,13073.94,13073.94
2024-01-10 20:00:00,Medellín-Centro,Leche Entera,12,7250.67,87008.04000000001
2024-01-10 21:00:00,Medellín-Centro,Café 500g,7,3008.99,21062.93
2024-01-10 22:00:00,Cali-Sur,Arroz 1kg,15,9052.95,135794.25
2024-01-10 23:00:00,Barranquilla,Café 500g,19,13202.65,250850.35
2024-01-11 00:00:00,Medellín-Centro,Arroz 1kg,1,9673.71,9673.71
2024-01-11 01:00:00,Cali-Sur,Café 500g,17,4941.63,84007.71
2024-01-11 02:00:00,Barranquilla,Arroz 1kg,17,6995.12,118917.04
2024-01-11 03:00:00,Bogotá-Norte,Aceite 1L,3,7851.6,23554.800000000003
2024-01-11 04:00:00,Cali-Sur,Jabón,12,9530.46,114365.51999999999
2024-01-11 05:00:00,Medellín-Centro,Leche Entera,6,11871.56,71229.36
2024-01-11 06:00:00,Bogotá-Norte,Café 500g,11,3285.36,36138.96
2024-01-11 07:00:00,Bogotá-Norte,Jabón,3,13565.48,40696.44
2024-01-11 08:00:00,Bogotá-Norte,Leche Entera,8,2160.03,17280.24
2024-01-11 09:00:00,Cali-Sur,Leche Entera,14,6810.68,95349.52
2024-01-11 10:00:00,Medellín-Centro,Arroz 1kg,14,2356.46,32990.44
2024-01-11 11:00:00,Bogotá-Norte,Aceite 1L,10,7108.66,71086.6
2024-01-11 12:00:00,Barranquilla,Aceite 1L,2,8835.56,17671.12
2024-01-11 13:00:00,Bogotá-Norte,Jabón,14,8651.86,121126.04000000001
2024-01-11 14:00:00,Bogotá-Norte,Aceite 1L,9,4153.17,37378.53
2024-01-11 15:00:00,Cali-Sur,Café 500g,3,10394.63,31183.89
2024-01-11 16:00:00,Cali-Sur,Aceite 1L,8,2582.12,20656.96
2024-01-11 17:00:00,Medellín-Centro,Jabón,16,11904.79,190476.64
2024-01-11 18:00:00,Barranquilla,Aceite 1L,2,14306.38,28612.76
2024-01-11 19:00:00,Cali-Sur,Café 500g,6,6416.99,38501.94
2024-01-11 20:00:00,Bogotá-Norte,Arroz 1kg,12,8724.11,104689.32
2024-01-11 21:00:00,Medellín-Centro,Jabón,5,6925.83,34629.15
2024-01-11 22:00:00,Bogotá-Norte,Arroz 1kg,2,2087.24,4174.48
2024-01-11 23:00:00,Bogotá-Norte,Arroz 1kg,16,7016.37,112261.92
2024-01-12 00:00:00,Cali-Sur,Arroz 1kg,5,12292.36,61461.8
2024-01-12 01:00:00,Medellín-Centro,Leche Entera,15,9747.85,146217.75
2024-01-12 02:00:00,Barranquilla,Leche Entera,12,3316.38,39796.56
2024-01-12 03:00:00,Barranquilla,Arroz 1kg,4,13012.81,52051.24
2024-01-12 04:00:00,Cali-Sur,Jabón,15,8904.11,133561.65000000002
2024-01-12 05:00:00,Cali-Sur,Café 500g,11,12942.4,142366.4
2024-01-12 06:00:00,Medellín-Centro,Café 500g,16,9542.88,152686.08
2024-01-12 07:00:00,Barranquilla,Aceite 1L,6,9275.95,55655.700000000004
2024-01-12 08:00:00,Barranquilla,Jabón,14,3368.37,47157.18
2024-01-12 09:00:00,Barranquilla,Leche Entera,18,4175.68,75162.24
2024-01-12 10:00:00,Bogotá-Norte,Arroz 1kg,12,14636.33,175635.96
2024-01-12 11:00:00,Barranquilla,Aceite 1L,11,4970.33,54673.63
2024-01-12 12:00:00,Bogotá-Norte,Café 500g,13,14706.88,191189.44
2024-01-12 13:00:00,Medellín-Centro,Leche Entera,11,8914.87,98063.57
2024-01-12 14:00:00,Bogotá-Norte,Leche Entera,16,3765.26,60244.16
2024-01-12 15:00:00,Medellín-Centro,Arroz 1kg,15,3290.93,49363.95
2024-01-12 16:00:00,Barranquilla,Café 500g,15,4715.23,70728.45
2024-01-12 17:00:00,Barranquilla,Jabón,4,14033.29,56133.16
2024-01-12 18:00:00,Medellín-Centro,Leche Entera,11,7383.95,81223.45
2024-01-12 19:00:00,Cali-Sur,Arroz 1kg,19,7140.65,135672.35
2024-01-12 20:00:00,Medellín-Centro,Jabón,15,6071.68,91075.20000000001
2024-01-12 21:00:00,Cali-Sur,Café 500g,4,3911.8,15647.2
2024-01-12 22:00:00,Bogotá-Norte,Leche Entera,13,8342.07,108446.91
2024-01-12 23:00:00,Bogotá-Norte,Jabón,19,3690.62,70121.78
2024-01-13 00:00:00,Bogotá-Norte,Jabón,2,12861.24,25722.48
2024-01-13 01:00:00,Barranquilla,Jabón,14,6815.16,95412.23999999999
2024-01-13 02:00:00,Bogotá-Norte,Leche Entera,4,6872.45,27489.8
2024-01-13 03:00:00,Cali-Sur,Leche Entera,16,8162.08,130593.28
2024-01-13 04:00:00,Bogotá-Norte,Aceite 1L,14,7773.66,108831.23999999999
2024-01-13 05:00:00,Medellín-Centro,Café 500g,15,14933.15,223997.25
2024-01-13 06:00:00,Medellín-Centro,Arroz 1kg,3,9089.95,27269.850000000002
2024-01-13 07:00:00,Barranquilla,Jabón,8,3146.62,25172.96
2024-01-13 08:00:00,Medellín-Centro,Aceite 1L,16,9889.41,158230.56
2024-01-13 09:00:00,Cali-Sur,Arroz 1kg,10,3970.6,39706.0
2024-01-13 10:00:00,Bogotá-Norte,Aceite 1L,4,2402.19,9608.76
2024-01-13 11:00:00,Barranquilla,Leche Entera,18,14619.65,263153.7
2024-01-13 12:00:00,Bogotá-Norte,Jabón,2,12056.01,24112.02
2024-01-13 13:00:00,Bogotá-Norte,Arroz 1kg,17,14741.42,250604.14
2024-01-13 14:00:00,Cali-Sur,Arroz 1kg,13,8212.42,106761.46
2024-01-13 15:00:00,Medellín-Centro,Arroz 1kg,4,8919.35,35677.4
2024-01-13 16:00:00,Medellín-Centro,Arroz 1kg,11,4188.38,46072.18
2024-01-13 17:00:00,Bogotá-Norte,Arroz 1kg,7,5209.8,36468.6
2024-01-13 18:00:00,Barranquilla,Aceite 1L,12,12901.14,154813.68
2024-01-13 19:00:00,Medellín-Centro,Jabón,10,6630.41,66304.1
2024-01-13 20:00:00,Barranquilla,Leche Entera,7,12748.59,89240.13
2024-01-13 21:00:00,Medellín-Centro,Leche Entera,13,11217.18,145823.34
2024-01-13 22:00:00,Barranquilla,Leche Entera,7,4303.22,30122.54
2024-01-13 23:00:00,Cali-Sur,Leche Entera,17,8596.8,146145.59999999998
2024-01-14 00:00:00,Barranquilla,Aceite 1L,10,10806.04,108060.40000000001
2024-01-14 01:00:00,Cali-Sur,Café 500g,10,5055.48,50554.799999999996
2024-01-14 02:00:00,Cali-Sur,Jabón,4,12798.95,51195.8
2024-01-14 03:00:00,Barranquilla,Arroz 1kg,4,9082.76,36331.04
2024-01-14 04:00:00,Cali-Sur,Café 500g,7,4148.15,29037.049999999996
2024-01-14 05:00:00,Bogotá-Norte,Leche Entera,1,9578.8,9578.8
2024-01-14 06:00:00,Cali-Sur,Café 500g,12,14996.28,179955.36000000002
2024-01-14 07:00:00,Medellín-Centro,Jabón,13,3956.78,51438.14
2024-01-14 08:00:00,Barranquilla,Arroz 1kg,10,12617.84,126178.4
2024-01-14 09:00:00,Bogotá-Norte,Arroz 1kg,15,4695.02,70425.3
2024-01-14 10:00:00,Barranquilla,Jabón,13,12171.05,158223.65
2024-01-14 11:00:00,Medellín-Centro,Jabón,9,11549.51,103945.59
2024-01-14 12:00:00,Medellín-Centro,Leche Entera,9,5906.36,53157.24
2024-01-14 13:00:00,Medellín-Centro,Arroz 1kg,15,6235.7,93535.5
2024-01-14 14:00:00,Cali-Sur,Café 500g,10,12302.78,123027.8
2024-01-14 15:00:00,Cali-Sur,Aceite 1L,10,7998.79,79987.9
2024-01-14 16:00:00,Barranquilla,Aceite 1L,8,11500.63,92005.04
2024-01-14 17:00:00,Barranquilla,Jabón,16,3923.79,62780.64
2024-01-14 18:00:00,Bogotá-Norte,Leche Entera,17,13083.25,222415.25
2024-01-14 19:00:00,Bogotá-Norte,Aceite 1L,5,11241.5,56207.5
2024-01-14 20:00:00,Barranquilla,Arroz 1kg,4,13790.26,55161.04
2024-01-14 21:00:00,Cali-Sur,Jabón,18,3720.84,66975.12
2024-01-14 22:00:00,Medellín-Centro,Café 500g,19,9709.19,184474.61000000002
2024-01-14 23:00:00,Barranquilla,Jabón,4,9788.57,39154.28
2024-01-15 00:00:00,Bogotá-Norte,Café 500g,7,6594.99,46164.93
2024-01-15 01:00:00,Cali-Sur,Jabón,10,7960.06,79600.6
2024-01-15 02:00:00,Barranquilla,Jabón,18,2493.76,44887.68000000001
2024-01-15 03:00:00,Barranquilla,Jabón,19,11696.18,222227.42
2024-01-15 04:00:00,Cali-Sur,Café 500g,4,9141.19,36564.76
2024-01-15 05:00:00,Barranquilla,Café 500g,10,2750.63,27506.300000000003
2024-01-15 06:00:00,Cali-Sur,Jabón,1,10849.83,10849.83
2024-01-15 07:00:00,Medellín-Centro,Aceite 1L,18,8068.17,145227.06
2024-01-15 08:00:00,Cali-Sur,Leche Entera,5,2448.0,12240.0
2024-01-15 09:00:00,Cali-Sur,Leche Entera,15,14604.9,219073.5
2024-01-15 10:00:00,Cali-Sur,Leche Entera,17,14338.46,243753.81999999998
2024-01-15 11:00:00,Barranquilla,Café 500g,3,8667.73,26003.19
2024-01-15 12:00:00,Barranquilla,Café 500g,12,3217.74,38612.88
2024-01-15 13:00:00,Cali-Sur,Aceite 1L,2,11810.08,23620.16
2024-01-15 14:00:00,Barranquilla,Leche Entera,1,8395.1,8395.1
2024-01-15 15:00:00,Bogotá-Norte,Leche Entera,17,5931.82,100840.94
2024-01-15 16:00:00,Bogotá-Norte,Jabón,16,8388.44,134215.04
2024-01-15 17:00:00,Barranquilla,Café 500g,5,8791.77,43958.850000000006
2024-01-15 18:00:00,Barranquilla,Leche Entera,15,9315.25,139728.75
2024-01-15 19:00:00,Cali-Sur,Aceite 1L,3,7735.91,23207.73
2024-01-15 20:00:00,Medellín-Centro,Aceite 1L,7,9874.82,69123.73999999999
2024-01-15 21:00:00,Barranquilla,Leche Entera,11,13943.55,153379.05
2024-01-15 22:00:00,Bogotá-Norte,Café 500g,10,6709.49,67094.9
2024-01-15 23:00:00,Cali-Sur,Aceite 1L,9,11434.31,102908.79
2024-01-16 00:00:00,Barranquilla,Jabón,14,13627.88,190790.31999999998
2024-01-16 01:00:00,Bogotá-Norte,Aceite 1L,13,7927.73,103060.48999999999
2024-01-16 02:00:00,Bogotá-Norte,Arroz 1kg,2,7764.93,15529.86
2024-01-16 03:00:00,Medellín-Centro,Arroz 1kg,3,9827.52,29482.56
2024-01-16 04:00:00,Cali-Sur,Café 500g,7,9688.29,67818.03
2024-01-16 05:00:00,Cali-Sur,Leche Entera,18,12485.66,224741.88
2024-01-16 06:00:00,Medellín-Centro,Café 500g,3,8194.28,24582.840000000004
2024-01-16 07:00:00,Medellín-Centro,Café 500g,10,14949.6,149496.0
2024-01-16 08:00:00,Cali-Sur,Café 500g,7,2773.13,19411.91
2024-01-16 09:00:00,Cali-Sur,Café 500g,9,2041.18,18370.62
2024-01-16 10:00:00,Barranquilla,Jabón,17,10322.58,175483.86
2024-01-16 11:00:00,Barranquilla,Jabón,11,5879.65,64676.149999999994
2024-01-16 12:00:00,Medellín-Centro,Aceite 1L,7,5124.97,35874.79
2024-01-16 13:00:00,Barranquilla,Arroz 1kg,14,6054.69,84765.65999999999
2024-01-16 14:00:00,Bogotá-Norte,Café 500g,19,5328.62,101243.78
2024-01-16 15:00:00,Barranquilla,Aceite 1L,4,2400.27,9601.08
2024-01-16 16:00:00,Barranquilla,Arroz 1kg,6,14629.93,87779.58
2024-01-16 17:00:00,Bogotá-Norte,Leche Entera,10,4869.69,48696.899999999994
2024-01-16 18:00:00,Medellín-Centro,Jabón,7,11542.39,80796.73
2024-01-16 19:00:00,Bogotá-Norte,Arroz 1kg,13,11913.75,154878.75
2024-01-16 20:00:00,Barranquilla,Leche Entera,14,14080.35,197124.9
2024-01-16 21:00:00,Medellín-Centro,Arroz 1kg,4,2397.14,9588.56
2024-01-16 22:00:00,Barranquilla,Jabón,8,13336.63,106693.04
2024-01-16 23:00:00,Bogotá-Norte,Jabón,5,8853.94,44269.700000000004
2024-01-17 00:00:00,Bogotá-Norte,Aceite 1L,1,10223.07,10223.07
2024-01-17 01:00:00,Barranquilla,Café 500g,4,10378.11,41512.44
2024-01-17 02:00:00,Cali-Sur,Arroz 1kg,3,12657.37,37972.11
2024-01-17 03:00:00,Cali-Sur,Arroz 1kg,9,6334.3,57008.700000000004
2024-01-17 04:00:00,Bogotá-Norte,Leche Entera,8,11529.67,92237.36
2024-01-17 05:00:00,Bogotá-Norte,Jabón,1,8871.52,8871.52
2024-01-17 06:00:00,Cali-Sur,Arroz 1kg,6,12314.12,73884.72
2024-01-17 07:00:00,Cali-Sur,Jabón,9,14877.1,133893.9
2024-01-17 08:00:00,Barranquilla,Arroz 1kg,7,4608.46,32259.22
2024-01-17 09:00:00,Barranquilla,Aceite 1L,4,14930.43,59721.72
2024-01-17 10:00:00,Cali-Sur,Café 500g,13,3167.56,41178.28
2024-01-17 11:00:00,Barranquilla,Arroz 1kg,17,2030.13,34512.21
2024-01-17 12:00:00,Barranquilla,Jabón,2,2574.11,5148.22
2024-01-17 13:00:00,Medellín-Centro,Aceite 1L,5,6443.17,32215.85
2024-01-17 14:00:00,Barranquilla,Arroz 1kg,12,10227.78,122733.36000000002
2024-01-17 15:00:00,Bogotá-Norte,Leche Entera,8,2897.38,23179.04
2024-01-17 16:00:00,Barranquilla,Café 500g,6,2073.66,12441.96
2024-01-17 17:00:00,Barranquilla,Arroz 1kg,8,14182.18,113457.44
2024-01-17 18:00:00,Cali-Sur,Aceite 1L,18,12685.05,228330.9
2024-01-17 19:00:00,Bogotá-Norte,Leche Entera,3,12519.38,37558.14
2024-01-17 20:00:00,Barranquilla,Aceite 1L,12,13497.52,161970.24
2024-01-17 21:00:00,Barranquilla,Aceite 1L,3,11100.45,33301.350000000006
2024-01-17 22:00:00,Medellín-Centro,Leche Entera,6,3357.25,20143.5
2024-01-17 23:00:00,Barranquilla,Aceite 1L,2,7188.3,14376.6
2024-01-18 00:00:00,Barranquilla,Leche Entera,12,11400.94,136811.28
2024-01-18 01:00:00,Medellín-Centro,Arroz 1kg,2,5644.35,11288.7
2024-01-18 02:00:00,Cali-Sur,Leche Entera,6,10936.28,65617.68000000001
2024-01-18 03:00:00,Barranquilla,Leche Entera,17,2318.48,39414.16
2024-01-18 04:00:00,Medellín-Centro,Café 500g,3,5979.79,17939.37
2024-01-18 05:00:00,Bogotá-Norte,Leche Entera,2,9138.69,18277.38
2024-01-18 06:00:00,Cali-Sur,Leche Entera,8,10217.17,81737.36
2024-01-18 07:00:00,Bogotá-Norte,Arroz 1kg,12,9501.53,114018.36000000002
2024-01-18 08:00:00,Bogotá-Norte,Café 500g,4,11070.83,44283.32
2024-01-18 09:00:00,Medellín-Centro,Jabón,5,2079.15,10395.75
2024-01-18 10:00:00,Barranquilla,Arroz 1kg,13,3312.24,43059.119999999995
2024-01-18 11:00:00,Medellín-Centro,Arroz 1kg,15,13296.28,199444.2
2024-01-18 12:00:00,Medellín-Centro,Jabón,16,10862.73,173803.68
2024-01-18 13:00:00,Medellín-Centro,Leche Entera,10,3468.11,34681.1
2024-01-18 14:00:00,Medellín-Centro,Aceite 1L,16,12946.97,207151.52
2024-01-18 15:00:00,Cali-Sur,Café 500g,12,5149.01,61788.12
2024-01-18 16:00:00,Barranquilla,Aceite 1L,17,8217.38,139695.46
2024-01-18 17:00:00,Bogotá-Norte,Jabón,16,3887.55,62200.8
2024-01-18 18:00:00,Bogotá-Norte,Arroz 1kg,12,11231.43,134777.16
2024-01-18 19:00:00,Barranquilla,Arroz 1kg,8,10669.11,85352.88
2024-01-18 20:00:00,Bogotá-Norte,Café 500g,3,4744.46,14233.380000000001
2024-01-18 21:00:00,Barranquilla,Arroz 1kg,16,13224.21,211587.36
2024-01-18 22:00:00,Bogotá-Norte,Arroz 1kg,13,7216.98,93820.73999999999
2024-01-18 23:00:00,Medellín-Centro,Café 500g,19,5802.7,110251.3
2024-01-19 00:00:00,Bogotá-Norte,Café 500g,8,3980.28,31842.24
2024-01-19 01:00:00,Barranquilla,Jabón,5,5460.18,27300.9
2024-01-19 02:00:00,Barranquilla,Arroz 1kg,8,2286.35,18290.8
2024-01-19 03:00:00,Barranquilla,Arroz 1kg,12,9582.35,114988.20000000001
2024-01-19 04:00:00,Barranquilla,Jabón,1,12949.0,12949.0
2024-01-19 05:00:00,Barranquilla,Leche Entera,6,9136.75,54820.5
2024-01-19 06:00:00,Cali-Sur,Leche Entera,18,4850.56,87310.08
2024-01-19 07:00:00,Cali-Sur,Leche Entera,8,2437.7,19501.6
2024-01-19 08:00:00,Bogotá-Norte,Jabón,7,4790.16,33531.119999999995
2024-01-19 09:00:00,Barranquilla,Arroz 1kg,1,7409.58,7409.58
2024-01-19 10:00:00,Bogotá-Norte,Jabón,16,11874.95,189999.2
2024-01-19 11:00:00,Barranquilla,Jabón,12,4441.96,53303.520000000004
2024-01-19 12:00:00,Barranquilla,Leche Entera,6,11357.29,68143.74
2024-01-19 13:00:00,Cali-Sur,Aceite 1L,2,13270.14,26540.28
2024-01-19 14:00:00,Cali-Sur,Arroz 1kg,14,7901.31,110618.34000000001
2024-01-19 15:00:00,Medellín-Centro,Leche Entera,4,12678.62,50714.48
2024-01-19 16:00:00,Cali-Sur,Aceite 1L,1,9210.55,9210.55
2024-01-19 17:00:00,Medellín-Centro,Aceite 1L,18,10282.18,185079.24
2024-01-19 18:00:00,Medellín-Centro,Café 500g,13,8841.62,114941.06000000001
2024-01-19 19:00:00,Medellín-Centro,Arroz 1kg,2,8021.25,16042.5
2024-01-19 20:00:00,Medellín-Centro,Aceite 1L,9,5050.49,45454.409999999996
2024-01-19 21:00:00,Medellín-Centro,Leche Entera,2,5941.52,11883.04
2024-01-19 22:00:00,Bogotá-Norte,Café 500g,9,5769.61,51926.49
2024-01-19 23:00:00,Cali-Sur,Arroz 1kg,1,9322.76,9322.76
2024-01-20 00:00:00,Medellín-Centro,Jabón,11,3559.4,39153.4
2024-01-20 01:00:00,Barranquilla,Leche Entera,3,13918.29,41754.87
2024-01-20 02:00:00,Cali-Sur,Aceite 1L,4,11368.52,45474.08
2024-01-20 03:00:00,Cali-Sur,Aceite 1L,18,7218.79,129938.22
2024-01-20 04:00:00,Medellín-Centro,Leche Entera,6,4062.11,24372.66
2024-01-20 05:00:00,Bogotá-Norte,Aceite 1L,3,13465.9,40397.7
2024-01-20 06:00:00,Medellín-Centro,Café 500g,11,12709.12,139800.32
2024-01-20 07:00:00,Bogotá-Norte,Arroz 1kg,15,11382.38,170735.69999999998
2024-01-20 08:00:00,Barranquilla,Café 500g,5,5530.11,27650.55
2024-01-20 09:00:00,Cali-Sur,Aceite 1L,10,7231.81,72318.1
2024-01-20 10:00:00,Barranquilla,Jabón,12,3335.73,40028.76
2024-01-20 11:00:00,Bogotá-Norte,Arroz 1kg,15,4457.51,66862.65000000001
2024-01-20 12:00:00,Bogotá-Norte,Arroz 1kg,17,12179.22,207046.74
2024-01-20 13:00:00,Barranquilla,Leche Entera,10,11295.5,112955.0
2024-01-20 14:00:00,Bogotá-Norte,Leche Entera,6,9715.31,58291.86
2024-01-20 15:00:00,Barranquilla,Jabón,18,13644.45,245600.1
2024-01-20 16:00:00,Cali-Sur,Arroz 1kg,13,9582.46,124571.97999999998
2024-01-20 17:00:00,Barranquilla,Jabón,3,8070.58,24211.739999999998
2024-01-20 18:00:00,Cali-Sur,Leche Entera,10,6424.82,64248.2
2024-01-20 19:00:00,Barranquilla,Leche Entera,14,14225.83,199161.62
2024-01-20 20:00:00,Bogotá-Norte,Arroz 1kg,6,3075.3,18451.800000000003
2024-01-20 21:00:00,Barranquilla,Café 500g,3,14101.54,42304.62
2024-01-20 22:00:00,Bogotá-Norte,Aceite 1L,16,12747.29,203956.64
2024-01-20 23:00:00,Barranquilla,Leche Entera,7,3689.09,25823.63
2024-01-21 00:00:00,Barranquilla,Leche Entera,14,9344.8,130827.19999999998
2024-01-21 01:00:00,Medellín-Centro,Café 500g,9,13265.12,119386.08
2024-01-21 02:00:00,Bogotá-Norte,Café 500g,15,9433.52,141502.80000000002
2024-01-21 03:00:00,Medellín-Centro,Jabón,3,13793.6,41380.8
2024-01-21 04:00:00,Bogotá-Norte,Jabón,2,14258.79,28517.58
2024-01-21 05:00:00,Medellín-Centro,Aceite 1L,2,7491.0,14982.0
2024-01-21 06:00:00,Cali-Sur,Aceite 1L,3,6905.08,20715.239999999998
2024-01-21 07:00:00,Barranquilla,Arroz 1kg,18,14172.18,255099.24
2024-01-21 08:00:00,Bogotá-Norte,Jabón,14,10776.82,150875.47999999998
2024-01-21 09:00:00,Bogotá-Norte,Leche Entera,18,3508.29,63149.22
2024-01-21 10:00:00,Barranquilla,Jabón,10,2549.79,25497.9
2024-01-21 11:00:00,Bogotá-Norte,Leche Entera,2,9340.18,18680.36
2024-01-21 12:00:00,Bogotá-Norte,Café 500g,1,14092.22,14092.22
2024-01-21 13:00:00,Medellín-Centro,Jabón,4,12975.23,51900.92
2024-01-21 14:00:00,Bogotá-Norte,Café 500g,14,10786.02,151004.28
2024-01-21 15:00:00,Cali-Sur,Aceite 1L,1,3808.51,3808.51
2024-01-21 16:00:00,Cali-Sur,Aceite 1L,14,5305.01,74270.14
2024-01-21 17:00:00,Barranquilla,Arroz 1kg,16,13381.65,214106.4
2024-01-21 18:00:00,Bogotá-Norte,Jabón,14,4376.49,61270.86
2024-01-21 19:00:00,Barranquilla,Café 500g,3,5619.71,16859.13
2024-01-21 20:00:00,Cali-Sur,Leche Entera,3,3684.81,11054.43
2024-01-21 21:00:00,Bogotá-Norte,Aceite 1L,9,10789.41,97104.69
2024-01-21 22:00:00,Bogotá-Norte,Aceite 1L,6,14271.77,85630.62
2024-01-21 23:00:00,Barranquilla,Leche Entera,13,5496.58,71455.54
2024-01-22 00:00:00,Cali-Sur,Café 500g,2,8180.29,16360.58
2024-01-22 01:00:00,Bogotá-Norte,Café 500g,8,10246.42,81971.36
2024-01-22 02:00:00,Barranquilla,Jabón,2,14993.06,29986.12
2024-01-22 03:00:00,Cali-Sur,Jabón,4,3362.5,13450.0
2024-01-22 04:00:00,Barranquilla,Arroz 1kg,15,8481.42,127221.3
2024-01-22 05:00:00,Medellín-Centro,Aceite 1L,4,7006.56,28026.24
2024-01-22 06:00:00,Bogotá-Norte,Jabón,13,13255.66,172323.58
2024-01-22 07:00:00,Medellín-Centro,Café 500g,12,8187.58,98250.95999999999
2024-01-22 08:00:00,Cali-Sur,Leche Entera,13,3442.71,44755.23
2024-01-22 09:00:00,Medellín-Centro,Café 500g,14,10247.51,143465.14
2024-01-22 10:00:00,Medellín-Centro,Aceite 1L,18,12020.15,216362.69999999998
2024-01-22 11:00:00,Cali-Sur,Café 500g,6,2037.46,12224.76
2024-01-22 12:00:00,Barranquilla,Arroz 1kg,11,13166.44,144830.84
2024-01-22 13:00:00,Medellín-Centro,Aceite 1L,2,4418.3,8836.6
2024-01-22 14:00:00,Barranquilla,Leche Entera,19,9176.9,174361.1
2024-01-22 15:00:00,Medellín-Centro,Arroz 1kg,19,7405.37,140702.03
2024-01-22 16:00:00,Barranquilla,Aceite 1L,5,11355.5,56777.5
2024-01-22 17:00:00,Cali-Sur,Leche Entera,19,6825.1,129676.90000000001
2024-01-22 18:00:00,Medellín-Centro,Arroz 1kg,2,13306.92,26613.84
2024-01-22 19:00:00,Cali-Sur,Arroz 1kg,10,11496.45,114964.5
2024-01-22 20:00:00,Medellín-Centro,Aceite 1L,2,10420.27,20840.54
2024-01-22 21:00:00,Cali-Sur,Jabón,11,12351.13,135862.43
2024-01-22 22:00:00,Cali-Sur,Arroz 1kg,18,11802.3,212441.4
2024-01-22 23:00:00,Medellín-Centro,Arroz 1kg,15,2467.2,37008.0
2024-01-23 00:00:00,Medellín-Centro,Leche Entera,9,7131.55,64183.950000000004
2024-01-23 01:00:00,Medellín-Centro,Café 500g,19,14100.49,267909.31
2024-01-23 02:00:00,Bogotá-Norte,Aceite 1L,9,3634.42,32709.78
2024-01-23 03:00:00,Barranquilla,Aceite 1L,3,11582.26,34746.78
2024-01-23 04:00:00,Bogotá-Norte,Jabón,9,14669.69,132027.21
2024-01-23 05:00:00,Bogotá-Norte,Jabón,14,2678.58,37500.119999999995
2024-01-23 06:00:00,Cali-Sur,Aceite 1L,19,10868.52,206501.88
2024-01-23 07:00:00,Medellín-Centro,Jabón,7,8086.0,56602.0
2024-01-23 08:00:00,Barranquilla,Leche Entera,16,9529.28,152468.48
2024-01-23 09:00:00,Cali-Sur,Aceite 1L,16,3109.44,49751.04
2024-01-23 10:00:00,Bogotá-Norte,Jabón,1,2559.09,2559.09
2024-01-23 11:00:00,Medellín-Centro,Aceite 1L,4,10669.27,42677.08
2024-01-23 12:00:00,Cali-Sur,Café 500g,4,12703.02,50812.08
2024-01-23 13:00:00,Medellín-Centro,Arroz 1kg,7,12166.2,85163.40000000001
2024-01-23 14:00:00,Cali-Sur,Aceite 1L,8,9069.47,72555.76
2024-01-23 15:00:00,Medellín-Centro,Arroz 1kg,17,3298.27,56070.59
2024-01-23 16:00:00,Bogotá-Norte,Jabón,5,10944.58,54722.9
2024-01-23 17:00:00,Barranquilla,Arroz 1kg,7,5144.56,36011.920000000006
2024-01-23 18:00:00,Bogotá-Norte,Aceite 1L,4,13843.89,55375.56
2024-01-23 19:00:00,Barranquilla,Café 500g,6,12897.45,77384.70000000001
2024-01-23 20:00:00,Medellín-Centro,Jabón,7,11221.98,78553.86
2024-01-23 21:00:00,Cali-Sur,Aceite 1L,18,14335.0,258030.0
2024-01-23 22:00:00,Bogotá-Norte,Jabón,5,2408.48,12042.4
2024-01-23 23:00:00,Barranquilla,Leche Entera,3,11570.61,34711.83
2024-01-24 00:00:00,Bogotá-Norte,Arroz 1kg,7,6293.16,44052.119999999995
2024-01-24 01:00:00,Barranquilla,Leche Entera,14,13778.86,192904.04
2024-01-24 02:00:00,Bogotá-Norte,Aceite 1L,7,5466.78,38267.46
2024-01-24 03:00:00,Barranquilla,Café 500g,5,11423.13,57115.649999999994
2024-01-24 04:00:00,Barranquilla,Jabón,5,13409.41,67047.05
2024-01-24 05:00:00,Medellín-Centro,Arroz 1kg,2,2541.54,5083.08
2024-01-24 06:00:00,Barranquilla,Jabón,6,7169.42,43016.520000000004
2024-01-24 07:00:00,Medellín-Centro,Aceite 1L,15,11910.02,178650.30000000002
2024-01-24 08:00:00,Barranquilla,Jabón,10,7913.95,79139.5
2024-01-24 09:00:00,Cali-Sur,Arroz 1kg,7,5474.28,38319.96
2024-01-24 10:00:00,Cali-Sur,Aceite 1L,5,4857.47,24287.350000000002
2024-01-24 11:00:00,Cali-Sur,Jabón,1,3709.74,3709.74
2024-01-24 12:00:00,Barranquilla,Café 500g,13,13142.68,170854.84
2024-01-24 13:00:00,Medellín-Centro,Aceite 1L,18,9479.62,170633.16
2024-01-24 14:00:00,Medellín-Centro,Aceite 1L,13,2993.0,38909.0
2024-01-24 15:00:00,Barranquilla,Café 500g,18,6973.54,125523.72
2024-01-24 16:00:00,Cali-Sur,Leche Entera,5,6780.54,33902.7
2024-01-24 17:00:00,Cali-Sur,Arroz 1kg,13,4362.61,56713.92999999999
2024-01-24 18:00:00,Medellín-Centro,Leche Entera,4,7661.6,30646.4
2024-01-24 19:00:00,Cali-Sur,Jabón,17,6317.29,107393.93
2024-01-24 20:00:00,Bogotá-Norte,Café 500g,3,6443.45,19330.35
2024-01-24 21:00:00,Medellín-Centro,Leche Entera,17,11607.35,197324.95
2024-01-24 22:00:00,Cali-Sur,Aceite 1L,11,4902.42,53926.62
2024-01-24 23:00:00,Medellín-Centro,Jabón,4,10344.18,41376.72
2024-01-25 00:00:00,Bogotá-Norte,Jabón,2,9418.45,18836.9
2024-01-25 01:00:00,Medellín-Centro,Leche Entera,16,9385.2,150163.2
2024-01-25 02:00:00,Medellín-Centro,Leche Entera,18,10619.1,191143.80000000002
2024-01-25 03:00:00,Medellín-Centro,Café 500g,8,9128.97,73031.76
2024-01-25 04:00:00,Medellín-Centro,Arroz 1kg,3,13430.32,40290.96
2024-01-25 05:00:00,Bogotá-Norte,Leche Entera,9,10782.54,97042.86000000002
2024-01-25 06:00:00,Barranquilla,Leche Entera,6,9110.52,54663.12
2024-01-25 07:00:00,Medellín-Centro,Aceite 1L,10,12786.92,127869.2
2024-01-25 08:00:00,Medellín-Centro,Jabón,10,9879.91,98799.1
2024-01-25 09:00:00,Cali-Sur,Arroz 1kg,13,5784.88,75203.44
2024-01-25 10:00:00,Medellín-Centro,Aceite 1L,17,4692.23,79767.90999999999
2024-01-25 11:00:00,Cali-Sur,Café 500g,9,3980.26,35822.340000000004
2024-01-25 12:00:00,Barranquilla,Café 500g,17,13692.92,232779.64
2024-01-25 13:00:00,Bogotá-Norte,Leche Entera,9,11231.76,101085.84
2024-01-25 14:00:00,Bogotá-Norte,Leche Entera,9,14185.92,127673.28
2024-01-25 15:00:00,Barranquilla,Café 500g,1,9842.79,9842.79
2024-01-25 16:00:00,Bogotá-Norte,Leche Entera,2,8154.21,16308.42
2024-01-25 17:00:00,Barranquilla,Arroz 1kg,16,2776.31,44420.96
2024-01-25 18:00:00,Barranquilla,Leche Entera,1,10731.35,10731.35
2024-01-25 19:00:00,Barranquilla,Jabón,10,9568.71,95687.09999999999
2024-01-25 20:00:00,Bogotá-Norte,Leche Entera,18,14872.72,267708.95999999996
2024-01-25 21:00:00,Cali-Sur,Aceite 1L,8,5109.06,40872.48
2024-01-25 22:00:00,Barranquilla,Arroz 1kg,11,8899.59,97895.49
2024-01-25 23:00:00,Medellín-Centro,Aceite 1L,2,10462.45,20924.9
2024-01-26 00:00:00,Bogotá-Norte,Aceite 1L,8,10379.69,83037.52
2024-01-26 01:00:00,Barranquilla,Jabón,8,9296.82,74374.56
2024-01-26 02:00:00,Barranquilla,Arroz 1kg,17,12100.06,205701.02
2024-01-26 03:00:00,Medellín-Centro,Arroz 1kg,15,4664.76,69971.40000000001
2024-01-26 04:00:00,Cali-Sur,Arroz 1kg,17,11433.15,194363.55
2024-01-26 05:00:00,Cali-Sur,Arroz 1kg,13,10056.55,130735.15
2024-01-26 06:00:00,Cali-Sur,Arroz 1kg,19,13648.98,259330.62
2024-01-26 07:00:00,Barranquilla,Jabón,5,13013.53,65067.65
2024-01-26 08:00:00,Barranquilla,Leche Entera,12,6096.91,73162.92
2024-01-26 09:00:00,Barranquilla,Aceite 1L,1,5591.09,5591.09
2024-01-26 10:00:00,Bogotá-Norte,Arroz 1kg,5,14761.49,73807.45
2024-01-26 11:00:00,Medellín-Centro,Leche Entera,8,8854.45,70835.6
2024-01-26 12:00:00,Barranquilla,Leche Entera,13,13783.47,179185.11
2024-01-26 13:00:00,Medellín-Centro,Aceite 1L,8,4130.45,33043.6
2024-01-26 14:00:00,Medellín-Centro,Jabón,11,10356.65,113923.15
2024-01-26 15:00:00,Cali-Sur,Café 500g,1,12528.18,12528.18
2024-01-26 16:00:00,Bogotá-Norte,Café 500g,13,14316.14,186109.82
2024-01-26 17:00:00,Barranquilla,Leche Entera,19,6385.42,121322.98
2024-01-26 18:00:00,Cali-Sur,Aceite 1L,3,11424.76,34274.28
2024-01-26 19:00:00,Cali-Sur,Café 500g,17,9004.57,153077.69
2024-01-26 20:00:00,Barranquilla,Leche Entera,5,2788.18,13940.9
2024-01-26 21:00:00,Medellín-Centro,Jabón,8,10970.0,87760.0
2024-01-26 22:00:00,Cali-Sur,Café 500g,14,10971.26,153597.64
2024-01-26 23:00:00,Medellín-Centro,Leche Entera,4,14097.89,56391.56
2024-01-27 00:00:00,Bogotá-Norte,Leche Entera,11,8465.06,93115.65999999999
2024-01-27 01:00:00,Medellín-Centro,Arroz 1kg,15,4993.26,74898.90000000001
2024-01-27 02:00:00,Bogotá-Norte,Jabón,19,2579.33,49007.27
2024-01-27 03:00:00,Medellín-Centro,Arroz 1kg,7,7403.35,51823.450000000004
2024-01-27 04:00:00,Cali-Sur,Aceite 1L,19,5924.92,112573.48
2024-01-27 05:00:00,Cali-Sur,Arroz 1kg,19,11894.15,225988.85
2024-01-27 06:00:00,Bogotá-Norte,Arroz 1kg,11,6605.48,72660.28
2024-01-27 07:00:00,Barranquilla,Café 500g,5,14337.93,71689.65
2024-01-27 08:00:00,Bogotá-Norte,Leche Entera,5,14510.03,72550.15000000001
2024-01-27 09:00:00,Bogotá-Norte,Jabón,8,10071.81,80574.48
2024-01-27 10:00:00,Medellín-Centro,Arroz 1kg,10,14072.58,140725.8
2024-01-27 11:00:00,Medellín-Centro,Jabón,6,11891.11,71346.66
2024-01-27 12:00:00,Bogotá-Norte,Arroz 1kg,15,9109.18,136637.7
2024-01-27 13:00:00,Cali-Sur,Aceite 1L,16,4344.0,69504.0
2024-01-27 14:00:00,Medellín-Centro,Arroz 1kg,17,7961.77,135350.09
2024-01-27 15:00:00,Barranquilla,Café 500g,8,9291.37,74330.96
2024-01-27 16:00:00,Medellín-Centro,Leche Entera,8,13231.5,105852.0
2024-01-27 17:00:00,Medellín-Centro,Aceite 1L,9,8257.33,74315.97
2024-01-27 18:00:00,Barranquilla,Arroz 1kg,2,13669.77,27339.54
2024-01-27 19:00:00,Bogotá-Norte,Jabón,15,10766.54,161498.1
2024-01-27 20:00:00,Barranquilla,Aceite 1L,18,3780.99,68057.81999999999
2024-01-27 21:00:00,Bogotá-Norte,Aceite 1L,3,14934.76,44804.28
2024-01-27 22:00:00,Bogotá-Norte,Arroz 1kg,17,8854.02,150518.34
2024-01-27 23:00:00,Bogotá-Norte,Aceite 1L,4,7094.16,28376.64
2024-01-28 00:00:00,Barranquilla,Jabón,4,10568.48,42273.92
2024-01-28 01:00:00,Bogotá-Norte,Aceite 1L,14,3415.61,47818.54
2024-01-28 02:00:00,Cali-Sur,Jabón,9,10275.0,92475.0
2024-01-28 03:00:00,Barranquilla,Arroz 1kg,9,8477.07,76293.63
2024-01-28 04:00:00,Cali-Sur,Leche Entera,18,7286.76,131161.68
2024-01-28 05:00:00,Bogotá-Norte,Aceite 1L,10,14389.26,143892.6
2024-01-28 06:00:00,Medellín-Centro,Leche Entera,4,8793.02,35172.08
2024-01-28 07:00:00,Bogotá-Norte,Jabón,12,4848.53,58182.36
2024-01-28 08:00:00,Cali-Sur,Aceite 1L,8,7966.53,63732.24
2024-01-28 09:00:00,Cali-Sur,Café 500g,2,13952.04,27904.08
2024-01-28 10:00:00,Barranquilla,Leche Entera,13,4289.24,55760.119999999995
2024-01-28 11:00:00,Medellín-Centro,Aceite 1L,16,4781.44,76503.04
2024-01-28 12:00:00,Barranquilla,Leche Entera,2,2169.38,4338.76
2024-01-28 13:00:00,Cali-Sur,Aceite 1L,11,2184.47,24029.17
2024-01-28 14:00:00,Bogotá-Norte,Arroz 1kg,10,12782.09,127820.9
2024-01-28 15:00:00,Medellín-Centro,Leche Entera,15,11517.59,172763.85
2024-01-28 16:00:00,Bogotá-Norte,Café 500g,17,6615.53,112464.01
2024-01-28 17:00:00,Bogotá-Norte,Café 500g,8,11078.05,88624.4
2024-01-28 18:00:00,Medellín-Centro,Jabón,18,7137.68,128478.24
2024-01-28 19:00:00,Barranquilla,Aceite 1L,9,14387.66,129488.94
2024-01-28 20:00:00,Bogotá-Norte,Leche Entera,8,14571.68,116573.44
2024-01-28 21:00:00,Cali-Sur,Jabón,14,7106.32,99488.48
2024-01-28 22:00:00,Bogotá-Norte,Leche Entera,18,13104.88,235887.84
2024-01-28 23:00:00,Medellín-Centro,Aceite 1L,12,12050.16,144601.91999999998
2024-01-29 00:00:00,Medellín-Centro,Café 500g,19,6030.0,114570.0
2024-01-29 01:00:00,Medellín-Centro,Arroz 1kg,14,5016.52,70231.28
2024-01-29 02:00:00,Barranquilla,Café 500g,17,7957.05,135269.85
2024-01-29 03:00:00,Bogotá-Norte,Jabón,3,12157.53,36472.590000000004
2024-01-29 04:00:00,Barranquilla,Arroz 1kg,7,14482.18,101375.26000000001
2024-01-29 05:00:00,Barranquilla,Jabón,17,11926.53,202751.01
2024-01-29 06:00:00,Medellín-Centro,Aceite 1L,12,13117.69,157412.28
2024-01-29 07:00:00,Medellín-Centro,Arroz 1kg,9,9839.84,88558.56
2024-01-29 08:00:00,Barranquilla,Jabón,15,12860.3,192904.5
2024-01-29 09:00:00,Bogotá-Norte,Aceite 1L,18,12197.47,219554.46
2024-01-29 10:00:00,Cali-Sur,Café 500g,13,6900.81,89710.53
2024-01-29 11:00:00,Barranquilla,Aceite 1L,8,9175.87,73406.96
2024-01-29 12:00:00,Bogotá-Norte,Leche Entera,14,12461.79,174465.06
2024-01-29 13:00:00,Medellín-Centro,Aceite 1L,8,2598.74,20789.92
2024-01-29 14:00:00,Medellín-Centro,Aceite 1L,14,12505.03,175070.42
2024-01-29 15:00:00,Bogotá-Norte,Leche Entera,7,4312.55,30187.850000000002
2024-01-29 16:00:00,Cali-Sur,Jabón,12,8690.89,104290.68
2024-01-29 17:00:00,Medellín-Centro,Jabón,11,12507.58,137583.38
2024-01-29 18:00:00,Medellín-Centro,Aceite 1L,11,5299.67,58296.37
2024-01-29 19:00:00,Medellín-Centro,Leche Entera,13,5195.5,67541.5
2024-01-29 20:00:00,Bogotá-Norte,Leche Entera,18,7235.94,130246.92
2024-01-29 21:00:00,Barranquilla,Café 500g,2,13630.36,27260.72
2024-01-29 22:00:00,Medellín-Centro,Jabón,15,2005.76,30086.4
2024-01-29 23:00:00,Barranquilla,Arroz 1kg,18,13717.98,246923.63999999998
2024-01-30 00:00:00,Cali-Sur,Jabón,15,3999.49,59992.35
2024-01-30 01:00:00,Medellín-Centro,Jabón,19,14871.12,282551.28
2024-01-30 02:00:00,Medellín-Centro,Café 500g,12,14413.01,172956.12
2024-01-30 03:00:00,Cali-Sur,Arroz 1kg,13,8430.78,109600.14000000001
2024-01-30 04:00:00,Medellín-Centro,Café 500g,11,8665.36,95318.96
2024-01-30 05:00:00,Barranquilla,Arroz 1kg,5,8260.14,41300.7
2024-01-30 06:00:00,Bogotá-Norte,Aceite 1L,1,10260.77,10260.77
2024-01-30 07:00:00,Barranquilla,Arroz 1kg,3,3179.38,9538.14
2024-01-30 08:00:00,Bogotá-Norte,Café 500g,19,2424.03,46056.57000000001
2024-01-30 09:00:00,Bogotá-Norte,Jabón,7,2750.14,19250.98
2024-01-30 10:00:00,Barranquilla,Arroz 1kg,12,7776.75,93321.0
2024-01-30 11:00:00,Barranquilla,Arroz 1kg,15,5582.12,83731.8
2024-01-30 12:00:00,Barranquilla,Leche Entera,5,10086.51,50432.55
2024-01-30 13:00:00,Barranquilla,Jabón,15,14901.75,223526.25
2024-01-30 14:00:00,Cali-Sur,Aceite 1L,8,7022.2,56177.6
2024-01-30 15:00:00,Medellín-Centro,Café 500g,10,9459.94,94599.40000000001
2024-01-30 16:00:00,Bogotá-Norte,Aceite 1L,16,7402.85,118445.6
2024-01-30 17:00:00,Barranquilla,Jabón,8,13014.53,104116.24
2024-01-30 18:00:00,Barranquilla,Arroz 1kg,1,13729.07,13729.07
2024-01-30 19:00:00,Barranquilla,Arroz 1kg,12,13405.62,160867.44
2024-01-30 20:00:00,Cali-Sur,Jabón,5,14666.84,73334.2
2024-01-30 21:00:00,Barranquilla,Arroz 1kg,3,2357.75,7073.25
2024-01-30 22:00:00,Barranquilla,Arroz 1kg,1,12917.61,12917.61
2024-01-30 23:00:00,Barranquilla,Arroz 1kg,4,11773.04,47092.16
2024-01-31 00:00:00,Medellín-Centro,Café 500g,8,4973.03,39784.24
2024-01-31 01:00:00,Cali-Sur,Café 500g,3,14432.16,43296.479999999996
2024-01-31 02:00:00,Barranquilla,Leche Entera,10,3926.31,39263.1
2024-01-31 03:00:00,Bogotá-Norte,Aceite 1L,2,10834.15,21668.3
2024-01-31 04:00:00,Bogotá-Norte,Jabón,11,4923.57,54159.27
2024-01-31 05:00:00,Bogotá-Norte,Jabón,10,7607.95,76079.5
2024-01-31 06:00:00,Cali-Sur,Jabón,14,11349.08,158887.12
2024-01-31 07:00:00,Cali-Sur,Leche Entera,7,9323.22,65262.53999999999
2024-01-31 08:00:00,Bogotá-Norte,Café 500g,2,7557.52,15115.04
2024-01-31 09:00:00,Barranquilla,Leche Entera,9,6242.4,56181.6
2024-01-31 10:00:00,Cali-Sur,Jabón,16,12915.58,206649.28
2024-01-31 11:00:00,Bogotá-Norte,Aceite 1L,13,3869.59,50304.67
2024-01-31 12:00:00,Bogotá-Norte,Arroz 1kg,9,7591.34,68322.06
2024-01-31 13:00:00,Barranquilla,Café 500g,4,13748.85,54995.4
2024-01-31 14:00:00,Medellín-Centro,Café 500g,10,12996.04,129960.40000000001
2024-01-31 15:00:00,Cali-Sur,Leche Entera,12,7212.24,86546.88
2024-01-31 16:00:00,Barranquilla,Café 500g,17,11920.41,202646.97
2024-01-31 17:00:00,Bogotá-Norte,Jabón,14,12701.09,177815.26
2024-01-31 18:00:00,Bogotá-Norte,Jabón,14,13555.54,189777.56
2024-01-31 19:00:00,Barranquilla,Leche Entera,2,9078.57,18157.14
2024-01-31 20:00:00,Cali-Sur,Jabón,11,4657.99,51237.89
2024-01-31 21:00:00,Medellín-Centro,Aceite 1L,16,5319.02,85104.32
2024-01-31 22:00:00,Medellín-Centro,Leche Entera,19,5844.03,111036.56999999999
2024-01-31 23:00:00,Bogotá-Norte,Aceite 1L,6,9719.43,58316.58
2024-02-01 00:00:00,Cali-Sur,Arroz 1kg,19,2426.53,46104.07000000001
2024-02-01 01:00:00,Medellín-Centro,Aceite 1L,5,10268.55,51342.75
2024-02-01 02:00:00,Cali-Sur,Arroz 1kg,4,6736.61,26946.44
2024-02-01 03:00:00,Cali-Sur,Arroz 1kg,15,5838.14,87572.1
2024-02-01 04:00:00,Bogotá-Norte,Aceite 1L,4,13433.46,53733.84
2024-02-01 05:00:00,Medellín-Centro,Leche Entera,10,7980.03,79800.3
2024-02-01 06:00:00,Barranquilla,Jabón,3,3235.69,9707.07
2024-02-01 07:00:00,Bogotá-Norte,Jabón,5,12747.71,63738.549999999996
2024-02-01 08:00:00,Medellín-Centro,Arroz 1kg,6,2619.34,15716.04
2024-02-01 09:00:00,Medellín-Centro,Arroz 1kg,8,11447.74,91581.92
2024-02-01 10:00:00,Medellín-Centro,Leche Entera,7,12060.78,84425.46
2024-02-01 11:00:00,Medellín-Centro,Café 500g,10,6583.83,65838.3
2024-02-01 12:00:00,Medellín-Centro,Aceite 1L,6,12722.24,76333.44
2024-02-01 13:00:00,Cali-Sur,Arroz 1kg,14,8703.57,121849.98
2024-02-01 14:00:00,Bogotá-Norte,Jabón,4,8022.82,32091.28
2024-02-01 15:00:00,Cali-Sur,Leche Entera,13,2590.24,33673.119999999995
2024-02-01 16:00:00,Barranquilla,Aceite 1L,17,5770.38,98096.46
2024-02-01 17:00:00,Medellín-Centro,Leche Entera,7,14103.13,98721.90999999999
2024-02-01 18:00:00,Bogotá-Norte,Aceite 1L,4,7093.71,28374.84
2024-02-01 19:00:00,Medellín-Centro,Aceite 1L,14,9107.11,127499.54000000001
2024-02-01 20:00:00,Bogotá-Norte,Arroz 1kg,3,8916.28,26748.840000000004
2024-02-01 21:00:00,Cali-Sur,Leche Entera,5,9675.6,48378.0
2024-02-01 22:00:00,Bogotá-Norte,Leche Entera,16,2797.3,44756.8
2024-02-01 23:00:00,Barranquilla,Jabón,4,6708.29,26833.16
2024-02-02 00:00:00,Barranquilla,Jabón,2,11400.67,22801.34
2024-02-02 01:00:00,Bogotá-Norte,Arroz 1kg,18,4607.28,82931.04
2024-02-02 02:00:00,Bogotá-Norte,Arroz 1kg,19,4646.52,88283.88
2024-02-02 03:00:00,Bogotá-Norte,Café 500g,19,2131.18,40492.42
2024-02-02 04:00:00,Bogotá-Norte,Jabón,17,7687.27,130683.59000000001
2024-02-02 05:00:00,Barranquilla,Aceite 1L,14,13475.55,188657.69999999998
2024-02-02 06:00:00,Medellín-Centro,Leche Entera,19,2674.71,50819.49
2024-02-02 07:00:00,Bogotá-Norte,Arroz 1kg,13,4484.54,58299.02
2024-02-02 08:00:00,Bogotá-Norte,Leche Entera,12,6031.1,72373.20000000001
2024-02-02 09:00:00,Barranquilla,Leche Entera,6,11512.42,69074.52
2024-02-02 10:00:00,Barranquilla,Café 500g,4,10328.26,41313.04
2024-02-02 11:00:00,Cali-Sur,Jabón,19,7407.27,140738.13
2024-02-02 12:00:00,Bogotá-Norte,Arroz 1kg,16,11867.9,189886.4
2024-02-02 13:00:00,Cali-Sur,Leche Entera,13,9925.2,129027.6
2024-02-02 14:00:00,Barranquilla,Arroz 1kg,4,13648.53,54594.12
2024-02-02 15:00:00,Barranquilla,Aceite 1L,17,12634.35,214783.95
2024-02-02 16:00:00,Medellín-Centro,Café 500g,1,5286.58,5286.58
2024-02-02 17:00:00,Bogotá-Norte,Aceite 1L,18,5528.7,99516.59999999999
2024-02-02 18:00:00,Cali-Sur,Arroz 1kg,17,3629.63,61703.71
2024-02-02 19:00:00,Barranquilla,Arroz 1kg,15,6380.54,95708.1
2024-02-02 20:00:00,Barranquilla,Jabón,11,14994.07,164934.77
2024-02-02 21:00:00,Cali-Sur,Leche Entera,13,7274.77,94572.01000000001
2024-02-02 22:00:00,Medellín-Centro,Leche Entera,1,4866.35,4866.35
2024-02-02 23:00:00,Barranquilla,Aceite 1L,17,11912.28,202508.76
2024-02-03 00:00:00,Bogotá-Norte,Café 500g,6,9052.12,54312.72
2024-02-03 01:00:00,Barranquilla,Leche Entera,4,3944.82,15779.28
2024-02-03 02:00:00,Bogotá-Norte,Jabón,16,6948.97,111183.52
2024-02-03 03:00:00,Cali-Sur,Aceite 1L,15,7388.11,110821.65
2024-02-03 04:00:00,Bogotá-Norte,Aceite 1L,15,11799.79,176996.85
2024-02-03 05:00:00,Cali-Sur,Jabón,6,2268.73,13612.380000000001
2024-02-03 06:00:00,Bogotá-Norte,Café 500g,15,5497.26,82458.90000000001
2024-02-03 07:00:00,Cali-Sur,Jabón,14,8728.75,122202.5
2024-02-03 08:00:00,Bogotá-Norte,Café 500g,11,5495.01,60445.11
2024-02-03 09:00:00,Medellín-Centro,Jabón,7,10169.64,71187.48
2024-02-03 10:00:00,Bogotá-Norte,Jabón,9,8264.28,74378.52
2024-02-03 11:00:00,Bogotá-Norte,Arroz 1kg,16,6702.23,107235.68
2024-02-03 12:00:00,Medellín-Centro,Aceite 1L,5,14339.71,71698.54999999999
2024-02-03 13:00:00,Barranquilla,Jabón,10,10218.07,102180.7
2024-02-03 14:00:00,Barranquilla,Jabón,18,3689.24,66406.31999999999
2024-02-03 15:00:00,Bogotá-Norte,Leche Entera,3,9281.19,27843.57
2024-02-03 16:00:00,Medellín-Centro,Aceite 1L,13,12149.51,157943.63
2024-02-03 17:00:00,Bogotá-Norte,Leche Entera,11,11210.37,123314.07
2024-02-03 18:00:00,Cali-Sur,Aceite 1L,17,4237.16,72031.72
2024-02-03 19:00:00,Cali-Sur,Leche Entera,13,14641.46,190338.97999999998
2024-02-03 20:00:00,Bogotá-Norte,Jabón,6,7834.58,47007.479999999996
2024-02-03 21:00:00,Barranquilla,Jabón,17,4067.33,69144.61
2024-02-03 22:00:00,Barranquilla,Arroz 1kg,13,4342.54,56453.02
2024-02-03 23:00:00,Bogotá-Norte,Leche Entera,19,3277.05,62263.950000000004
2024-02-04 00:00:00,Bogotá-Norte,Café 500g,19,12445.74,236469.06
2024-02-04 01:00:00,Cali-Sur,Arroz 1kg,10,3586.4,35864.0
2024-02-04 02:00:00,Barranquilla,Leche Entera,3,3626.63,10879.89
2024-02-04 03:00:00,Bogotá-Norte,Leche Entera,14,13056.13,182785.81999999998
2024-02-04 04:00:00,Cali-Sur,Arroz 1kg,19,6479.85,123117.15000000001
2024-02-04 05:00:00,Barranquilla,Jabón,5,2401.15,12005.75
2024-02-04 06:00:00,Medellín-Centro,Leche Entera,5,2674.64,13373.199999999999
2024-02-04 07:00:00,Cali-Sur,Jabón,17,3848.22,65419.74
2024-02-04 08:00:00,Barranquilla,Arroz 1kg,10,4774.11,47741.1
2024-02-04 09:00:00,Barranquilla,Jabón,5,10646.9,53234.5
2024-02-04 10:00:00,Cali-Sur,Aceite 1L,4,4045.24,16180.96
2024-02-04 11:00:00,Medellín-Centro,Café 500g,6,3545.37,21272.22
2024-02-04 12:00:00,Cali-Sur,Leche Entera,4,11941.35,47765.4
2024-02-04 13:00:00,Barranquilla,Café 500g,7,10723.72,75066.04
2024-02-04 14:00:00,Bogotá-Norte,Jabón,7,7659.21,53614.47
2024-02-04 15:00:00,Bogotá-Norte,Leche Entera,18,9141.03,164538.54
2024-02-04 16:00:00,Cali-Sur,Jabón,3,6055.79,18167.37
2024-02-04 17:00:00,Barranquilla,Aceite 1L,1,8272.51,8272.51
2024-02-04 18:00:00,Bogotá-Norte,Arroz 1kg,4,8586.74,34346.96
2024-02-04 19:00:00,Barranquilla,Leche Entera,6,7034.08,42204.479999999996
2024-02-04 20:00:00,Cali-Sur,Aceite 1L,9,13785.44,124068.96
2024-02-04 21:00:00,Bogotá-Norte,Aceite 1L,14,2208.8,30923.200000000004
2024-02-04 22:00:00,Barranquilla,Leche Entera,12,12168.23,146018.76
2024-02-04 23:00:00,Bogotá-Norte,Jabón,4,3616.98,14467.92
2024-02-05 00:00:00,Cali-Sur,Aceite 1L,12,12368.12,148417.44
2024-02-05 01:00:00,Barranquilla,Café 500g,10,10006.85,100068.5
2024-02-05 02:00:00,Bogotá-Norte,Aceite 1L,7,12962.62,90738.34000000001
2024-02-05 03:00:00,Cali-Sur,Jabón,3,3267.69,9803.07
2024-02-05 04:00:00,Bogotá-Norte,Jabón,14,9266.75,129734.5
2024-02-05 05:00:00,Bogotá-Norte,Café 500g,10,8514.14,85141.4
2024-02-05 06:00:00,Medellín-Centro,Aceite 1L,16,11180.51,178888.16
2024-02-05 07:00:00,Medellín-Centro,Jabón,16,8945.78,143132.48
2024-02-05 08:00:00,Cali-Sur,Leche Entera,10,9029.55,90295.5
2024-02-05 09:00:00,Medellín-Centro,Arroz 1kg,13,7584.75,98601.75
2024-02-05 10:00:00,Cali-Sur,Arroz 1kg,6,6014.85,36089.100000000006
2024-02-05 11:00:00,Medellín-Centro,Arroz 1kg,12,8269.44,99233.28
2024-02-05 12:00:00,Bogotá-Norte,Aceite 1L,9,3540.4,31863.600000000002
2024-02-05 13:00:00,Cali-Sur,Café 500g,13,14499.67,188495.71
2024-02-05 14:00:00,Cali-Sur,Jabón,4,11287.34,45149.36
2024-02-05 15:00:00,Bogotá-Norte,Leche Entera,11,14382.07,158202.77
2024-02-05 16:00:00,Cali-Sur,Leche Entera,18,4947.46,89054.28
2024-02-05 17:00:00,Cali-Sur,Aceite 1L,11,13431.43,147745.73
2024-02-05 18:00:00,Medellín-Centro,Arroz 1kg,4,12514.27,50057.08
2024-02-05 19:00:00,Cali-Sur,Aceite 1L,18,10802.98,194453.63999999998
2024-02-05 20:00:00,Barranquilla,Café 500g,1,10125.38,10125.38
2024-02-05 21:00:00,Bogotá-Norte,Café 500g,7,6115.15,42806.049999999996
2024-02-05 22:00:00,Medellín-Centro,Jabón,6,12613.34,75680.04000000001
2024-02-05 23:00:00,Medellín-Centro,Jabón,15,8519.7,127795.50000000001
2024-02-06 00:00:00,Barranquilla,Café 500g,18,2921.59,52588.62
2024-02-06 01:00:00,Bogotá-Norte,Café 500g,11,6067.22,66739.42
2024-02-06 02:00:00,Bogotá-Norte,Café 500g,15,14158.86,212382.90000000002
2024-02-06 03:00:00,Medellín-Centro,Aceite 1L,16,13058.84,208941.44
2024-02-06 04:00:00,Cali-Sur,Café 500g,7,14764.77,103353.39
2024-02-06 05:00:00,Medellín-Centro,Leche Entera,10,10163.91,101639.1
2024-02-06 06:00:00,Bogotá-Norte,Arroz 1kg,12,5217.63,62611.56
2024-02-06 07:00:00,Barranquilla,Café 500g,14,4116.6,57632.40000000001
2024-02-06 08:00:00,Medellín-Centro,Arroz 1kg,5,4429.89,22149.45
2024-02-06 09:00:00,Bogotá-Norte,Aceite 1L,18,2257.34,40632.12
2024-02-06 10:00:00,Medellín-Centro,Arroz 1kg,5,7078.87,35394.35
2024-02-06 11:00:00,Cali-Sur,Aceite 1L,3,4488.56,13465.68
2024-02-06 12:00:00,Medellín-Centro,Leche Entera,5,7351.52,36757.600000000006
2024-02-06 13:00:00,Medellín-Centro,Aceite 1L,17,14154.93,240633.81
2024-02-06 14:00:00,Bogotá-Norte,Aceite 1L,19,7597.02,144343.38
2024-02-06 15:00:00,Bogotá-Norte,Jabón,19,13413.8,254862.19999999998
2024-02-06 16:00:00,Bogotá-Norte,Café 500g,12,9871.56,118458.72
2024-02-06 17:00:00,Medellín-Centro,Café 500g,9,5212.71,46914.39
2024-02-06 18:00:00,Cali-Sur,Leche Entera,1,6626.11,6626.11
2024-02-06 19:00:00,Barranquilla,Leche Entera,18,3090.95,55637.1
2024-02-06 20:00:00,Barranquilla,Café 500g,4,6335.01,25340.04
2024-02-06 21:00:00,Bogotá-Norte,Jabón,10,10808.03,108080.3
2024-02-06 22:00:00,Bogotá-Norte,Café 500g,7,2937.44,20562.08
2024-02-06 23:00:00,Medellín-Centro,Jabón,1,4670.22,4670.22
2024-02-07 00:00:00,Barranquilla,Leche Entera,17,6958.73,118298.40999999999
2024-02-07 01:00:00,Bogotá-Norte,Arroz 1kg,2,14766.64,29533.28
2024-02-07 02:00:00,Cali-Sur,Leche Entera,11,12203.2,134235.2
2024-02-07 03:00:00,Cali-Sur,Leche Entera,9,11535.33,103817.97
2024-02-07 04:00:00,Bogotá-Norte,Aceite 1L,7,3510.48,24573.36
2024-02-07 05:00:00,Bogotá-Norte,Aceite 1L,17,12152.95,206600.15000000002
2024-02-07 06:00:00,Barranquilla,Aceite 1L,17,12208.49,207544.33
2024-02-07 07:00:00,Barranquilla,Aceite 1L,2,9814.34,19628.68
2024-02-07 08:00:00,Medellín-Centro,Jabón,6,14874.7,89248.20000000001
2024-02-07 09:00:00,Barranquilla,Café 500g,14,6228.3,87196.2
2024-02-07 10:00:00,Cali-Sur,Arroz 1kg,6,14236.54,85419.24
2024-02-07 11:00:00,Cali-Sur,Leche Entera,2,13891.5,27783.0
2024-02-07 12:00:00,Bogotá-Norte,Jabón,1,2149.25,2149.25
2024-02-07 13:00:00,Barranquilla,Arroz 1kg,10,7851.51,78515.1
2024-02-07 14:00:00,Medellín-Centro,Jabón,5,14702.36,73511.8
2024-02-07 15:00:00,Cali-Sur,Jabón,2,3340.58,6681.16
2024-02-07 16:00:00,Cali-Sur,Leche Entera,16,9121.2,145939.2
2024-02-07 17:00:00,Medellín-Centro,Café 500g,2,14726.45,29452.9
2024-02-07 18:00:00,Medellín-Centro,Aceite 1L,10,9221.44,92214.40000000001
2024-02-07 19:00:00,Cali-Sur,Café 500g,2,4467.6,8935.2
2024-02-07 20:00:00,Cali-Sur,Leche Entera,16,9568.38,153094.08
2024-02-07 21:00:00,Medellín-Centro,Leche Entera,16,4657.73,74523.68
2024-02-07 22:00:00,Cali-Sur,Leche Entera,19,8756.16,166367.04
2024-02-07 23:00:00,Bogotá-Norte,Arroz 1kg,7,2962.55,20737.850000000002
2024-02-08 00:00:00,Bogotá-Norte,Café 500g,12,9871.27,118455.24
2024-02-08 01:00:00,Medellín-Centro,Café 500g,15,8718.27,130774.05
2024-02-08 02:00:00,Barranquilla,Jabón,8,11622.1,92976.8
2024-02-08 03:00:00,Medellín-Centro,Jabón,6,10199.11,61194.66
2024-02-08 04:00:00,Medellín-Centro,Jabón,10,9144.88,91448.79999999999
2024-02-08 05:00:00,Barranquilla,Leche Entera,3,10967.13,32901.39
2024-02-08 06:00:00,Barranquilla,Café 500g,19,3871.24,73553.56
2024-02-08 07:00:00,Barranquilla,Leche Entera,17,9739.68,165574.56
2024-02-08 08:00:00,Bogotá-Norte,Arroz 1kg,7,4237.44,29662.079999999998
2024-02-08 09:00:00,Cali-Sur,Jabón,4,14031.79,56127.16
2024-02-08 10:00:00,Bogotá-Norte,Leche Entera,14,2888.34,40436.76
2024-02-08 11:00:00,Cali-Sur,Leche Entera,15,7594.87,113923.05
2024-02-08 12:00:00,Bogotá-Norte,Arroz 1kg,8,11045.37,88362.96
2024-02-08 13:00:00,Cali-Sur,Aceite 1L,15,7954.29,119314.35
2024-02-08 14:00:00,Bogotá-Norte,Café 500g,14,3197.24,44761.36
2024-02-08 15:00:00,Barranquilla,Aceite 1L,9,9193.93,82745.37
2024-02-08 16:00:00,Medellín-Centro,Jabón,8,10341.21,82729.68
2024-02-08 17:00:00,Bogotá-Norte,Leche Entera,17,11149.3,189538.09999999998
2024-02-08 18:00:00,Cali-Sur,Arroz 1kg,2,6852.38,13704.76
2024-02-08 19:00:00,Barranquilla,Arroz 1kg,3,9327.58,27982.739999999998
2024-02-08 20:00:00,Bogotá-Norte,Café 500g,8,7858.92,62871.36
2024-02-08 21:00:00,Bogotá-Norte,Aceite 1L,12,10736.73,128840.76
2024-02-08 22:00:00,Barranquilla,Café 500g,1,9586.24,9586.24
2024-02-08 23:00:00,Bogotá-Norte,Leche Entera,10,8834.83,88348.3
2024-02-09 00:00:00,Medellín-Centro,Café 500g,3,5243.82,15731.46
2024-02-09 01:00:00,Bogotá-Norte,Arroz 1kg,6,2026.24,12157.44
2024-02-09 02:00:00,Medellín-Centro,Arroz 1kg,7,4263.06,29841.420000000002
2024-02-09 03:00:00,Medellín-Centro,Jabón,18,3521.86,63393.48
2024-02-09 04:00:00,Barranquilla,Jabón,11,7838.1,86219.1
2024-02-09 05:00:00,Bogotá-Norte,Leche Entera,19,9959.36,189227.84000000003
2024-02-09 06:00:00,Barranquilla,Aceite 1L,5,4770.11,23850.55
2024-02-09 07:00:00,Bogotá-Norte,Café 500g,19,14207.74,269947.06
2024-02-09 08:00:00,Bogotá-Norte,Leche Entera,11,2086.87,22955.57
2024-02-09 09:00:00,Cali-Sur,Jabón,12,12039.91,144478.91999999998
2024-02-09 10:00:00,Bogotá-Norte,Café 500g,10,10127.66,101276.6
2024-02-09 11:00:00,Barranquilla,Jabón,8,6856.21,54849.68
2024-02-09 12:00:00,Medellín-Centro,Café 500g,9,2656.36,23907.24
2024-02-09 13:00:00,Bogotá-Norte,Aceite 1L,4,10157.33,40629.32
2024-02-09 14:00:00,Cali-Sur,Leche Entera,5,7012.98,35064.899999999994
2024-02-09 15:00:00,Barranquilla,Café 500g,8,14171.47,113371.76
2024-02-09 16:00:00,Bogotá-Norte,Arroz 1kg,9,9045.87,81412.83
2024-02-09 17:00:00,Barranquilla,Arroz 1kg,15,14215.47,213232.05
2024-02-09 18:00:00,Cali-Sur,Café 500g,15,4866.29,72994.35
2024-02-09 19:00:00,Cali-Sur,Café 500g,16,11434.44,182951.04
2024-02-09 20:00:00,Barranquilla,Café 500g,14,10024.24,140339.36
2024-02-09 21:00:00,Bogotá-Norte,Arroz 1kg,8,11612.31,92898.48
2024-02-09 22:00:00,Medellín-Centro,Arroz 1kg,18,4790.68,86232.24
2024-02-09 23:00:00,Cali-Sur,Café 500g,10,10644.93,106449.3
2024-02-10 00:00:00,Bogotá-Norte,Jabón,6,8474.53,50847.18000000001
2024-02-10 01:00:00,Bogotá-Norte,Jabón,12,11656.72,139880.63999999998
2024-02-10 02:00:00,Medellín-Centro,Aceite 1L,2,6251.58,12503.16
2024-02-10 03:00:00,Cali-Sur,Leche Entera,7,13570.74,94995.18
2024-02-10 04:00:00,Cali-Sur,Jabón,16,3095.92,49534.72
2024-02-10 05:00:00,Bogotá-Norte,Arroz 1kg,3,12493.46,37480.38
2024-02-10 06:00:00,Bogotá-Norte,Jabón,13,13197.16,171563.08
2024-02-10 07:00:00,Medellín-Centro,Aceite 1L,3,12624.28,37872.840000000004
2024-02-10 08:00:00,Medellín-Centro,Aceite 1L,18,8665.44,155977.92
2024-02-10 09:00:00,Cali-Sur,Leche Entera,11,7699.0,84689.0
2024-02-10 10:00:00,Barranquilla,Jabón,8,14951.41,119611.28
2024-02-10 11:00:00,Cali-Sur,Arroz 1kg,6,4979.24,29875.44
2024-02-10 12:00:00,Bogotá-Norte,Arroz 1kg,1,9109.39,9109.39
2024-02-10 13:00:00,Cali-Sur,Café 500g,1,10718.78,10718.78
2024-02-10 14:00:00,Barranquilla,Arroz 1kg,8,11111.28,88890.24
2024-02-10 15:00:00,Medellín-Centro,Leche Entera,5,4652.32,23261.6
2024-02-10 16:00:00,Barranquilla,Leche Entera,16,10501.92,168030.72
2024-02-10 17:00:00,Barranquilla,Arroz 1kg,11,12638.8,139026.8
2024-02-10 18:00:00,Barranquilla,Arroz 1kg,5,2650.24,13251.199999999999
2024-02-10 19:00:00,Medellín-Centro,Café 500g,4,13849.78,55399.12
2024-02-10 20:00:00,Barranquilla,Arroz 1kg,6,2383.55,14301.300000000001
2024-02-10 21:00:00,Barranquilla,Café 500g,14,6627.62,92786.68
2024-02-10 22:00:00,Barranquilla,Café 500g,19,2205.57,41905.83
2024-02-10 23:00:00,Bogotá-Norte,Arroz 1kg,9,3002.89,27026.01
2024-02-11 00:00:00,Barranquilla,Aceite 1L,12,13845.19,166142.28
2024-02-11 01:00:00,Medellín-Centro,Aceite 1L,11,6613.19,72745.09
2024-02-11 02:00:00,Barranquilla,Café 500g,14,7522.03,105308.42
2024-02-11 03:00:00,Barranquilla,Arroz 1kg,16,4799.48,76791.68
2024-02-11 04:00:00,Medellín-Centro,Aceite 1L,1,9762.25,9762.25
2024-02-11 05:00:00,Barranquilla,Arroz 1kg,13,9732.44,126521.72
2024-02-11 06:00:00,Medellín-Centro,Arroz 1kg,13,6838.61,88901.93
2024-02-11 07:00:00,Barranquilla,Arroz 1kg,2,6329.45,12658.9
2024-02-11 08:00:00,Medellín-Centro,Jabón,4,13504.54,54018.16
2024-02-11 09:00:00,Barranquilla,Arroz 1kg,6,6982.7,41896.2
2024-02-11 10:00:00,Barranquilla,Jabón,5,8415.51,42077.55
2024-02-11 11:00:00,Bogotá-Norte,Café 500g,3,5682.96,17048.88
2024-02-11 12:00:00,Bogotá-Norte,Aceite 1L,1,12228.0,12228.0
2024-02-11 13:00:00,Barranquilla,Aceite 1L,4,7166.83,28667.32
2024-02-11 14:00:00,Barranquilla,Aceite 1L,2,8676.94,17353.88
2024-02-11 15:00:00,Cali-Sur,Aceite 1L,5,5293.64,26468.2
